INSERT INTO MEASURE SET NAME = "Tube voltage", UNIT="kV"; -- 1
INSERT INTO MEASURE SET NAME = "Exposure time", UNIT="ms"; -- 2
INSERT INTO MEASURE SET NAME = "Exposure", UNIT="mGy"; -- 3
INSERT INTO MEASURE SET NAME = "Exposure rate", UNIT="mGy/s"; -- 4
INSERT INTO MEASURE SET NAME = "HVL", UNIT="mm Al"; -- 5
INSERT INTO MEASURE SET NAME = "Total filtr.", UNIT="mm Al"; -- 6
INSERT INTO MEASURE SET NAME = "Current" , UNIT="mA"; -- 7
INSERT INTO MEASURE SET NAME = "Focus", UNIT="size"; -- 8
INSERT INTO MEASURE SET NAME = "Anode-filter"; -- 9
INSERT INTO MEASURE SET NAME = "It", UNIT="mAs"; -- 10
INSERT INTO MEASURE SET NAME = "Debljina fantoma", UNIT="mm PMMA"; -- 11
INSERT INTO MEASURE SET NAME = "Ekvivalentna dojka", UNIT="mm"; -- 12
INSERT INTO MEASURE SET NAME = "SAL", UNIT="indeks ekspozicije"; -- 13
INSERT INTO MEASURE SET NAME = "MPV", UNIT="Al"; -- 14
INSERT INTO MEASURE SET NAME = "SD", UNIT="Al"; -- 15
INSERT INTO MEASURE SET NAME = "MPV", UNIT="pozadina"; -- 16
INSERT INTO MEASURE SET NAME = "SD", UNIT="pozadina"; -- 17
INSERT INTO MEASURE SET NAME = "MPV"; -- 18

--  tube voltage accuracy - large focus RADIOLOGY
INSERT INTO `SESSION_TEMPLATE` (`NAME`,`DESCRIPTION`,`TESTING_PARAMETER`,`TESTING_MEASURE`,`UPLOAD_REQUIRED`) VALUES ('Tube voltage accuracy - large focus','This template is used for recording device voltage accuracy using large focus', 'ACCURACY',1, true); -- 1

-- measures that user needs to provide and can be INPUT or RECORDED type
INSERT INTO `SESSION_TEMPLATE_MEASURE` (`SESSION_TEMPLATE_ID`, `MEASURE_ID`) VALUES (1,1); -- 1
INSERT INTO `SESSION_TEMPLATE_MEASURE` (`SESSION_TEMPLATE_ID`, `MEASURE_ID`) VALUES (1,2); -- 2
INSERT INTO `SESSION_TEMPLATE_MEASURE` (`SESSION_TEMPLATE_ID`, `MEASURE_ID`) VALUES (1,3); -- 3
INSERT INTO `SESSION_TEMPLATE_MEASURE` (`SESSION_TEMPLATE_ID`, `MEASURE_ID`) VALUES (1,4); -- 4
INSERT INTO `SESSION_TEMPLATE_MEASURE` (`SESSION_TEMPLATE_ID`, `MEASURE_ID`) VALUES (1,5); -- 5
INSERT INTO `SESSION_TEMPLATE_MEASURE` (`SESSION_TEMPLATE_ID`, `MEASURE_ID`) VALUES (1,6); -- 6

INSERT INTO `MEASUREMENT` (`SESSION_TEMPLATE_ID`, `IDX`) VALUES (1,0); -- 1
INSERT INTO `MEASUREMENT` (`SESSION_TEMPLATE_ID`, `IDX`) VALUES (1,1); -- 2
INSERT INTO `MEASUREMENT` (`SESSION_TEMPLATE_ID`, `IDX`) VALUES (1,2); -- 3
INSERT INTO `MEASUREMENT` (`SESSION_TEMPLATE_ID`, `IDX`) VALUES (1,3); -- 4
INSERT INTO `MEASUREMENT` (`SESSION_TEMPLATE_ID`, `IDX`) VALUES (1,4); -- 5

INSERT INTO `MEASURED_VALUE` (`DOUBLE_VALUE`,`TYPE`,`MEASURE_ID`,`MEASUREMENT_ID`, `IDX`) VALUES (60,'TEMPLATE',1,1,0); -- 1
INSERT INTO `MEASURED_VALUE` (`DOUBLE_VALUE`,`TYPE`,`MEASURE_ID`,`MEASUREMENT_ID`,`IDX`) VALUES (500,'TEMPLATE',2,1,1); -- 2
INSERT INTO `MEASURED_VALUE` (`DOUBLE_VALUE`,`TYPE`,`MEASURE_ID`,`MEASUREMENT_ID`,`IDX`) VALUES (200,'TEMPLATE',7,1,2); -- 3
INSERT INTO `MEASURED_VALUE` (`STRING_VALUE`,`TYPE`,`MEASURE_ID`,`MEASUREMENT_ID`,`IDX`) VALUES ('large','TEMPLATE',8,1,3); -- 4

INSERT INTO `MEASURED_VALUE` (`DOUBLE_VALUE`,`TYPE`,`MEASURE_ID`,`MEASUREMENT_ID`,`IDX`) VALUES (70,'TEMPLATE',1,2,0); -- 5
INSERT INTO `MEASURED_VALUE` (`DOUBLE_VALUE`,`TYPE`,`MEASURE_ID`,`MEASUREMENT_ID`,`IDX`) VALUES (500,'TEMPLATE',2,2,1); -- 6
INSERT INTO `MEASURED_VALUE` (`DOUBLE_VALUE`,`TYPE`,`MEASURE_ID`,`MEASUREMENT_ID`,`IDX`) VALUES (200,'TEMPLATE',7,2,2); -- 7
INSERT INTO `MEASURED_VALUE` (`STRING_VALUE`,`TYPE`,`MEASURE_ID`,`MEASUREMENT_ID`,`IDX`) VALUES ('large','TEMPLATE',8,2,3); -- 8

INSERT INTO `MEASURED_VALUE` (`DOUBLE_VALUE`,`TYPE`,`MEASURE_ID`,`MEASUREMENT_ID`,`IDX`) VALUES (80,'TEMPLATE',1,3,0); -- 9
INSERT INTO `MEASURED_VALUE` (`DOUBLE_VALUE`,`TYPE`,`MEASURE_ID`,`MEASUREMENT_ID`,`IDX`) VALUES (500,'TEMPLATE',2,3,1); -- 10
INSERT INTO `MEASURED_VALUE` (`DOUBLE_VALUE`,`TYPE`,`MEASURE_ID`,`MEASUREMENT_ID`,`IDX`) VALUES (200,'TEMPLATE',7,3,2); -- 11
INSERT INTO `MEASURED_VALUE` (`STRING_VALUE`,`TYPE`,`MEASURE_ID`,`MEASUREMENT_ID`,`IDX`) VALUES ('large','TEMPLATE',8,3,3); -- 12

INSERT INTO `MEASURED_VALUE` (`DOUBLE_VALUE`,`TYPE`,`MEASURE_ID`,`MEASUREMENT_ID`,`IDX`) VALUES (90,'TEMPLATE',1,4,0); -- 13
INSERT INTO `MEASURED_VALUE` (`DOUBLE_VALUE`,`TYPE`,`MEASURE_ID`,`MEASUREMENT_ID`,`IDX`) VALUES (500,'TEMPLATE',2,4,1); -- 14
INSERT INTO `MEASURED_VALUE` (`DOUBLE_VALUE`,`TYPE`,`MEASURE_ID`,`MEASUREMENT_ID`,`IDX`) VALUES (200,'TEMPLATE',7,4,2); -- 15
INSERT INTO `MEASURED_VALUE` (`STRING_VALUE`,`TYPE`,`MEASURE_ID`,`MEASUREMENT_ID`,`IDX`) VALUES ('large','TEMPLATE',8,4,3); -- 16

INSERT INTO `MEASURED_VALUE` (`DOUBLE_VALUE`,`TYPE`,`MEASURE_ID`,`MEASUREMENT_ID`,`IDX`) VALUES (100,'TEMPLATE',1,5,0); -- 17
INSERT INTO `MEASURED_VALUE` (`DOUBLE_VALUE`,`TYPE`,`MEASURE_ID`,`MEASUREMENT_ID`,`IDX`) VALUES (500,'TEMPLATE',2,5,1); -- 18
INSERT INTO `MEASURED_VALUE` (`DOUBLE_VALUE`,`TYPE`,`MEASURE_ID`,`MEASUREMENT_ID`,`IDX`) VALUES (200,'TEMPLATE',7,5,2); -- 19
INSERT INTO `MEASURED_VALUE` (`STRING_VALUE`,`TYPE`,`MEASURE_ID`,`MEASUREMENT_ID`,`IDX`) VALUES ('large','TEMPLATE',8,5,3); -- 20


--  tube voltage repeatability RADIOLOGY
INSERT INTO `SESSION_TEMPLATE` (`NAME`,`DESCRIPTION`,`TESTING_PARAMETER`,`TESTING_MEASURE`,`UPLOAD_REQUIRED`) VALUES ('Tube voltage repeatability ','This template is used for recording device voltage repeatability', 'REPEATABILITY',1,true); -- 2

INSERT INTO `SESSION_TEMPLATE_MEASURE` (`SESSION_TEMPLATE_ID`, `MEASURE_ID`) VALUES (2,1); -- 7
INSERT INTO `SESSION_TEMPLATE_MEASURE` (`SESSION_TEMPLATE_ID`, `MEASURE_ID`) VALUES (2,2); -- 8
INSERT INTO `SESSION_TEMPLATE_MEASURE` (`SESSION_TEMPLATE_ID`, `MEASURE_ID`) VALUES (2,3); -- 9
INSERT INTO `SESSION_TEMPLATE_MEASURE` (`SESSION_TEMPLATE_ID`, `MEASURE_ID`) VALUES (2,4); -- 10
INSERT INTO `SESSION_TEMPLATE_MEASURE` (`SESSION_TEMPLATE_ID`, `MEASURE_ID`) VALUES (2,5); -- 11
INSERT INTO `SESSION_TEMPLATE_MEASURE` (`SESSION_TEMPLATE_ID`, `MEASURE_ID`) VALUES (2,6); -- 12

INSERT INTO `MEASUREMENT` (`SESSION_TEMPLATE_ID`, `IDX`) VALUES (2,0); -- 6
INSERT INTO `MEASUREMENT` (`SESSION_TEMPLATE_ID`, `IDX`) VALUES (2,1); -- 7
INSERT INTO `MEASUREMENT` (`SESSION_TEMPLATE_ID`, `IDX`) VALUES (2,2); -- 8

INSERT INTO `MEASURED_VALUE` (`DOUBLE_VALUE`,`TYPE`,`MEASURE_ID`,`MEASUREMENT_ID`, `IDX`) VALUES (90,'TEMPLATE',1,6,0); -- 21
INSERT INTO `MEASURED_VALUE` (`DOUBLE_VALUE`,`TYPE`,`MEASURE_ID`,`MEASUREMENT_ID`,`IDX`) VALUES (500,'TEMPLATE',2,6,1); -- 22
INSERT INTO `MEASURED_VALUE` (`DOUBLE_VALUE`,`TYPE`,`MEASURE_ID`,`MEASUREMENT_ID`,`IDX`) VALUES (200,'TEMPLATE',7,6,2); -- 23

INSERT INTO `MEASURED_VALUE` (`DOUBLE_VALUE`,`TYPE`,`MEASURE_ID`,`MEASUREMENT_ID`, `IDX`) VALUES (90,'TEMPLATE',1,7,0); -- 24
INSERT INTO `MEASURED_VALUE` (`DOUBLE_VALUE`,`TYPE`,`MEASURE_ID`,`MEASUREMENT_ID`,`IDX`) VALUES (500,'TEMPLATE',2,7,1); -- 25
INSERT INTO `MEASURED_VALUE` (`DOUBLE_VALUE`,`TYPE`,`MEASURE_ID`,`MEASUREMENT_ID`,`IDX`) VALUES (200,'TEMPLATE',7,7,2); -- 26

INSERT INTO `MEASURED_VALUE` (`DOUBLE_VALUE`,`TYPE`,`MEASURE_ID`,`MEASUREMENT_ID`, `IDX`) VALUES (90,'TEMPLATE',1,8,0); -- 27
INSERT INTO `MEASURED_VALUE` (`DOUBLE_VALUE`,`TYPE`,`MEASURE_ID`,`MEASUREMENT_ID`,`IDX`) VALUES (500,'TEMPLATE',2,8,1); -- 28
INSERT INTO `MEASURED_VALUE` (`DOUBLE_VALUE`,`TYPE`,`MEASURE_ID`,`MEASUREMENT_ID`,`IDX`) VALUES (200,'TEMPLATE',7,8,2); -- 29

--  time accuracy RADIOLOGY
INSERT INTO `SESSION_TEMPLATE` (`NAME`,`DESCRIPTION`,`TESTING_PARAMETER`,`TESTING_MEASURE`,`UPLOAD_REQUIRED`) VALUES ('Tube time accuracy','This template is used for recording device time accuracy', 'ACCURACY',2, true); -- 3

INSERT INTO `SESSION_TEMPLATE_MEASURE` (`SESSION_TEMPLATE_ID`, `MEASURE_ID`) VALUES (3,1); -- 13
INSERT INTO `SESSION_TEMPLATE_MEASURE` (`SESSION_TEMPLATE_ID`, `MEASURE_ID`) VALUES (3,2); -- 14
INSERT INTO `SESSION_TEMPLATE_MEASURE` (`SESSION_TEMPLATE_ID`, `MEASURE_ID`) VALUES (3,3); -- 15
INSERT INTO `SESSION_TEMPLATE_MEASURE` (`SESSION_TEMPLATE_ID`, `MEASURE_ID`) VALUES (3,4); -- 16
INSERT INTO `SESSION_TEMPLATE_MEASURE` (`SESSION_TEMPLATE_ID`, `MEASURE_ID`) VALUES (3,5); -- 17
INSERT INTO `SESSION_TEMPLATE_MEASURE` (`SESSION_TEMPLATE_ID`, `MEASURE_ID`) VALUES (3,6); -- 18

INSERT INTO `MEASUREMENT` (`SESSION_TEMPLATE_ID`, `IDX`) VALUES (3,0); -- 9
INSERT INTO `MEASUREMENT` (`SESSION_TEMPLATE_ID`, `IDX`) VALUES (3,1); -- 10
INSERT INTO `MEASUREMENT` (`SESSION_TEMPLATE_ID`, `IDX`) VALUES (3,2); -- 11

INSERT INTO `MEASURED_VALUE` (`DOUBLE_VALUE`,`TYPE`,`MEASURE_ID`,`MEASUREMENT_ID`, `IDX`) VALUES (80,'TEMPLATE',1,9,0); -- 30
INSERT INTO `MEASURED_VALUE` (`DOUBLE_VALUE`,`TYPE`,`MEASURE_ID`,`MEASUREMENT_ID`,`IDX`) VALUES (200,'TEMPLATE',7,9,1); -- 31

INSERT INTO `MEASURED_VALUE` (`DOUBLE_VALUE`,`TYPE`,`MEASURE_ID`,`MEASUREMENT_ID`, `IDX`) VALUES (80,'TEMPLATE',1,10,0); -- 32
INSERT INTO `MEASURED_VALUE` (`DOUBLE_VALUE`,`TYPE`,`MEASURE_ID`,`MEASUREMENT_ID`,`IDX`) VALUES (200,'TEMPLATE',7,10,1); -- 33

INSERT INTO `MEASURED_VALUE` (`DOUBLE_VALUE`,`TYPE`,`MEASURE_ID`,`MEASUREMENT_ID`, `IDX`) VALUES (80,'TEMPLATE',1,11,0); -- 34
INSERT INTO `MEASURED_VALUE` (`DOUBLE_VALUE`,`TYPE`,`MEASURE_ID`,`MEASUREMENT_ID`,`IDX`) VALUES (200,'TEMPLATE',7,11,1); -- 35


--  Tube voltage accuracy MAMOGRAPHY Mo/Mo
INSERT INTO `SESSION_TEMPLATE` (`NAME`,`DESCRIPTION`,`TESTING_PARAMETER`,`TESTING_MEASURE`,`UPLOAD_REQUIRED`) VALUES ('Tube voltage accuracy (Mo/Mo)','This template is used for recording device voltage accuracy', 'ACCURACY',1, true); -- 4

INSERT INTO `SESSION_TEMPLATE_MEASURE` (`SESSION_TEMPLATE_ID`, `MEASURE_ID`) VALUES (4,1); -- 10
INSERT INTO `SESSION_TEMPLATE_MEASURE` (`SESSION_TEMPLATE_ID`, `MEASURE_ID`) VALUES (4,3); -- 11

INSERT INTO `MEASUREMENT` (`SESSION_TEMPLATE_ID`, `IDX`) VALUES (4,0); -- 12
INSERT INTO `MEASUREMENT` (`SESSION_TEMPLATE_ID`, `IDX`) VALUES (4,1); -- 13
INSERT INTO `MEASUREMENT` (`SESSION_TEMPLATE_ID`, `IDX`) VALUES (4,2); -- 14
INSERT INTO `MEASUREMENT` (`SESSION_TEMPLATE_ID`, `IDX`) VALUES (4,3); -- 15
INSERT INTO `MEASUREMENT` (`SESSION_TEMPLATE_ID`, `IDX`) VALUES (4,4); -- 16
INSERT INTO `MEASUREMENT` (`SESSION_TEMPLATE_ID`, `IDX`) VALUES (4,5); -- 17
INSERT INTO `MEASUREMENT` (`SESSION_TEMPLATE_ID`, `IDX`) VALUES (4,6); -- 18
INSERT INTO `MEASUREMENT` (`SESSION_TEMPLATE_ID`, `IDX`) VALUES (4,7); -- 19
INSERT INTO `MEASUREMENT` (`SESSION_TEMPLATE_ID`, `IDX`) VALUES (4,8); -- 20
INSERT INTO `MEASUREMENT` (`SESSION_TEMPLATE_ID`, `IDX`) VALUES (4,9); -- 21
INSERT INTO `MEASUREMENT` (`SESSION_TEMPLATE_ID`, `IDX`) VALUES (4,10); -- 22

INSERT INTO `MEASURED_VALUE` (`DOUBLE_VALUE`,`TYPE`,`MEASURE_ID`,`MEASUREMENT_ID`, `IDX`) VALUES (25,'TEMPLATE',1,12,0); -- 36
INSERT INTO `MEASURED_VALUE` (`STRING_VALUE`,`TYPE`,`MEASURE_ID`,`MEASUREMENT_ID`, `IDX`) VALUES ("Mo/Mo",'TEMPLATE',9,12,1); -- 37

INSERT INTO `MEASURED_VALUE` (`DOUBLE_VALUE`,`TYPE`,`MEASURE_ID`,`MEASUREMENT_ID`, `IDX`) VALUES (26,'TEMPLATE',1,13,0); -- 38
INSERT INTO `MEASURED_VALUE` (`STRING_VALUE`,`TYPE`,`MEASURE_ID`,`MEASUREMENT_ID`, `IDX`) VALUES ("Mo/Mo",'TEMPLATE',9,13,1); -- 39

INSERT INTO `MEASURED_VALUE` (`DOUBLE_VALUE`,`TYPE`,`MEASURE_ID`,`MEASUREMENT_ID`, `IDX`) VALUES (27,'TEMPLATE',1,14,0); -- 40
INSERT INTO `MEASURED_VALUE` (`STRING_VALUE`,`TYPE`,`MEASURE_ID`,`MEASUREMENT_ID`, `IDX`) VALUES ("Mo/Mo",'TEMPLATE',9,14,1); -- 41

INSERT INTO `MEASURED_VALUE` (`DOUBLE_VALUE`,`TYPE`,`MEASURE_ID`,`MEASUREMENT_ID`, `IDX`) VALUES (28,'TEMPLATE',1,15,0); -- 42
INSERT INTO `MEASURED_VALUE` (`STRING_VALUE`,`TYPE`,`MEASURE_ID`,`MEASUREMENT_ID`, `IDX`) VALUES ("Mo/Mo",'TEMPLATE',9,15,1); -- 43

INSERT INTO `MEASURED_VALUE` (`DOUBLE_VALUE`,`TYPE`,`MEASURE_ID`,`MEASUREMENT_ID`, `IDX`) VALUES (29,'TEMPLATE',1,16,0); -- 44
INSERT INTO `MEASURED_VALUE` (`STRING_VALUE`,`TYPE`,`MEASURE_ID`,`MEASUREMENT_ID`, `IDX`) VALUES ("Mo/Mo",'TEMPLATE',9,16,1); -- 45

INSERT INTO `MEASURED_VALUE` (`DOUBLE_VALUE`,`TYPE`,`MEASURE_ID`,`MEASUREMENT_ID`, `IDX`) VALUES (30,'TEMPLATE',1,17,0); -- 46
INSERT INTO `MEASURED_VALUE` (`STRING_VALUE`,`TYPE`,`MEASURE_ID`,`MEASUREMENT_ID`, `IDX`) VALUES ("Mo/Mo",'TEMPLATE',9,17,1); -- 47

INSERT INTO `MEASURED_VALUE` (`DOUBLE_VALUE`,`TYPE`,`MEASURE_ID`,`MEASUREMENT_ID`, `IDX`) VALUES (31,'TEMPLATE',1,18,0); -- 48
INSERT INTO `MEASURED_VALUE` (`STRING_VALUE`,`TYPE`,`MEASURE_ID`,`MEASUREMENT_ID`, `IDX`) VALUES ("Mo/Mo",'TEMPLATE',9,18,1); -- 49

INSERT INTO `MEASURED_VALUE` (`DOUBLE_VALUE`,`TYPE`,`MEASURE_ID`,`MEASUREMENT_ID`, `IDX`) VALUES (32,'TEMPLATE',1,19,0); -- 50
INSERT INTO `MEASURED_VALUE` (`STRING_VALUE`,`TYPE`,`MEASURE_ID`,`MEASUREMENT_ID`, `IDX`) VALUES ("Mo/Mo",'TEMPLATE',9,19,1); -- 51

INSERT INTO `MEASURED_VALUE` (`DOUBLE_VALUE`,`TYPE`,`MEASURE_ID`,`MEASUREMENT_ID`, `IDX`) VALUES (33,'TEMPLATE',1,20,0); -- 52
INSERT INTO `MEASURED_VALUE` (`STRING_VALUE`,`TYPE`,`MEASURE_ID`,`MEASUREMENT_ID`, `IDX`) VALUES ("Mo/Mo",'TEMPLATE',9,20,1); -- 53

INSERT INTO `MEASURED_VALUE` (`DOUBLE_VALUE`,`TYPE`,`MEASURE_ID`,`MEASUREMENT_ID`, `IDX`) VALUES (34,'TEMPLATE',1,21,0); -- 54
INSERT INTO `MEASURED_VALUE` (`STRING_VALUE`,`TYPE`,`MEASURE_ID`,`MEASUREMENT_ID`, `IDX`) VALUES ("Mo/Mo",'TEMPLATE',9,21,1); -- 55

INSERT INTO `MEASURED_VALUE` (`DOUBLE_VALUE`,`TYPE`,`MEASURE_ID`,`MEASUREMENT_ID`, `IDX`) VALUES (35,'TEMPLATE',1,22,0); -- 56
INSERT INTO `MEASURED_VALUE` (`STRING_VALUE`,`TYPE`,`MEASURE_ID`,`MEASUREMENT_ID`, `IDX`) VALUES ("Mo/Mo",'TEMPLATE',9,22,1); -- 57


--  linearity MAMOGRAPHY
INSERT INTO `SESSION_TEMPLATE` (`NAME`,`DESCRIPTION`,`TESTING_PARAMETER`,`TESTING_MEASURE`,`UPLOAD_REQUIRED`) VALUES ('Radiation output linearity','This template is used for recording radiation output linearity', 'ACCURACY',2, false); -- 5

INSERT INTO `SESSION_TEMPLATE_MEASURE` (`SESSION_TEMPLATE_ID`, `MEASURE_ID`, `TYPE`) VALUES (5,3,'INPUT'); -- 19

INSERT INTO `MEASUREMENT` (`SESSION_TEMPLATE_ID`, `IDX`) VALUES (5,0); -- 23
INSERT INTO `MEASUREMENT` (`SESSION_TEMPLATE_ID`, `IDX`) VALUES (5,1); -- 24
INSERT INTO `MEASUREMENT` (`SESSION_TEMPLATE_ID`, `IDX`) VALUES (5,2); -- 25
INSERT INTO `MEASUREMENT` (`SESSION_TEMPLATE_ID`, `IDX`) VALUES (5,3); -- 26

INSERT INTO `MEASURED_VALUE` (`DOUBLE_VALUE`,`TYPE`,`MEASURE_ID`,`MEASUREMENT_ID`, `IDX`) VALUES (28,'TEMPLATE',1,23,0); -- 58
INSERT INTO `MEASURED_VALUE` (`DOUBLE_VALUE`,`TYPE`,`MEASURE_ID`,`MEASUREMENT_ID`,`IDX`) VALUES (100,'TEMPLATE',10,23,1); -- 59
INSERT INTO `MEASURED_VALUE` (`STRING_VALUE`,`TYPE`,`MEASURE_ID`,`MEASUREMENT_ID`,`IDX`) VALUES ("Mo/Mo",'TEMPLATE',9,23,2); -- 60

INSERT INTO `MEASURED_VALUE` (`DOUBLE_VALUE`,`TYPE`,`MEASURE_ID`,`MEASUREMENT_ID`, `IDX`) VALUES (28,'TEMPLATE',1,24,0); -- 61
INSERT INTO `MEASURED_VALUE` (`DOUBLE_VALUE`,`TYPE`,`MEASURE_ID`,`MEASUREMENT_ID`,`IDX`) VALUES (50,'TEMPLATE',10,24,1); -- 62
INSERT INTO `MEASURED_VALUE` (`STRING_VALUE`,`TYPE`,`MEASURE_ID`,`MEASUREMENT_ID`,`IDX`) VALUES ("Mo/Mo",'TEMPLATE',9,24,2); -- 63

INSERT INTO `MEASURED_VALUE` (`DOUBLE_VALUE`,`TYPE`,`MEASURE_ID`,`MEASUREMENT_ID`, `IDX`) VALUES (28,'TEMPLATE',1,25,0); -- 64
INSERT INTO `MEASURED_VALUE` (`DOUBLE_VALUE`,`TYPE`,`MEASURE_ID`,`MEASUREMENT_ID`,`IDX`) VALUES (25,'TEMPLATE',10,25,1); -- 65
INSERT INTO `MEASURED_VALUE` (`STRING_VALUE`,`TYPE`,`MEASURE_ID`,`MEASUREMENT_ID`,`IDX`) VALUES ("Mo/Mo",'TEMPLATE',9,25,2); -- 66

INSERT INTO `MEASURED_VALUE` (`DOUBLE_VALUE`,`TYPE`,`MEASURE_ID`,`MEASUREMENT_ID`, `IDX`) VALUES (28,'TEMPLATE',1,26,0); -- 67
INSERT INTO `MEASURED_VALUE` (`DOUBLE_VALUE`,`TYPE`,`MEASURE_ID`,`MEASUREMENT_ID`,`IDX`) VALUES (12.5,'TEMPLATE',10,26,1); -- 68
INSERT INTO `MEASURED_VALUE` (`STRING_VALUE`,`TYPE`,`MEASURE_ID`,`MEASUREMENT_ID`,`IDX`) VALUES ("Mo/Mo",'TEMPLATE',9,26,2); -- 69


--  automatic exposition control MAMOGRAPHY
INSERT INTO `SESSION_TEMPLATE` (`NAME`,`DESCRIPTION`,`TESTING_PARAMETER`,`TESTING_MEASURE`,`UPLOAD_REQUIRED`) VALUES ('Automatic exposition control','This template is used for recording automatic exposition control', 'ACCURACY',2, false); -- 6

INSERT INTO `SESSION_TEMPLATE_MEASURE` (`SESSION_TEMPLATE_ID`, `MEASURE_ID`, `TYPE`) VALUES (6,1,'INPUT'); -- 20
INSERT INTO `SESSION_TEMPLATE_MEASURE` (`SESSION_TEMPLATE_ID`, `MEASURE_ID`, `TYPE`) VALUES (6,10,'INPUT'); -- 21
INSERT INTO `SESSION_TEMPLATE_MEASURE` (`SESSION_TEMPLATE_ID`, `MEASURE_ID`, `TYPE`) VALUES (6,13,'INPUT'); -- 22
INSERT INTO `SESSION_TEMPLATE_MEASURE` (`SESSION_TEMPLATE_ID`, `MEASURE_ID`, `TYPE`) VALUES (6,14,'INPUT'); -- 23
INSERT INTO `SESSION_TEMPLATE_MEASURE` (`SESSION_TEMPLATE_ID`, `MEASURE_ID`, `TYPE`) VALUES (6,15,'INPUT'); -- 24
INSERT INTO `SESSION_TEMPLATE_MEASURE` (`SESSION_TEMPLATE_ID`, `MEASURE_ID`, `TYPE`) VALUES (6,16,'INPUT'); -- 25
INSERT INTO `SESSION_TEMPLATE_MEASURE` (`SESSION_TEMPLATE_ID`, `MEASURE_ID`, `TYPE`) VALUES (6,17,'INPUT'); -- 26

INSERT INTO `MEASUREMENT` (`SESSION_TEMPLATE_ID`, `IDX`) VALUES (6,0); -- 27
INSERT INTO `MEASUREMENT` (`SESSION_TEMPLATE_ID`, `IDX`) VALUES (6,1); -- 28
INSERT INTO `MEASUREMENT` (`SESSION_TEMPLATE_ID`, `IDX`) VALUES (6,2); -- 29
INSERT INTO `MEASUREMENT` (`SESSION_TEMPLATE_ID`, `IDX`) VALUES (6,3); -- 30
INSERT INTO `MEASUREMENT` (`SESSION_TEMPLATE_ID`, `IDX`) VALUES (6,4); -- 31
INSERT INTO `MEASUREMENT` (`SESSION_TEMPLATE_ID`, `IDX`) VALUES (6,5); -- 32

INSERT INTO `MEASURED_VALUE` (`DOUBLE_VALUE`,`TYPE`,`MEASURE_ID`,`MEASUREMENT_ID`, `IDX`) VALUES (20,'TEMPLATE',11,27,0); -- 70
INSERT INTO `MEASURED_VALUE` (`DOUBLE_VALUE`,`TYPE`,`MEASURE_ID`,`MEASUREMENT_ID`,`IDX`) VALUES (21,'TEMPLATE',12,27,1); -- 71
INSERT INTO `MEASURED_VALUE` (`STRING_VALUE`,`TYPE`,`MEASURE_ID`,`MEASUREMENT_ID`,`IDX`) VALUES ("Mo/Mo",'TEMPLATE',9,27,2); -- 72

INSERT INTO `MEASURED_VALUE` (`DOUBLE_VALUE`,`TYPE`,`MEASURE_ID`,`MEASUREMENT_ID`, `IDX`) VALUES (40,'TEMPLATE',11,28,0); -- 73
INSERT INTO `MEASURED_VALUE` (`DOUBLE_VALUE`,`TYPE`,`MEASURE_ID`,`MEASUREMENT_ID`,`IDX`) VALUES (45,'TEMPLATE',12,28,1); -- 74
INSERT INTO `MEASURED_VALUE` (`STRING_VALUE`,`TYPE`,`MEASURE_ID`,`MEASUREMENT_ID`,`IDX`) VALUES ("Mo/Mo",'TEMPLATE',9,28,2); -- 75

INSERT INTO `MEASURED_VALUE` (`DOUBLE_VALUE`,`TYPE`,`MEASURE_ID`,`MEASUREMENT_ID`, `IDX`) VALUES (45,'TEMPLATE',11,29,0); -- 76
INSERT INTO `MEASURED_VALUE` (`DOUBLE_VALUE`,`TYPE`,`MEASURE_ID`,`MEASUREMENT_ID`,`IDX`) VALUES (53,'TEMPLATE',12,29,1); -- 77
INSERT INTO `MEASURED_VALUE` (`STRING_VALUE`,`TYPE`,`MEASURE_ID`,`MEASUREMENT_ID`,`IDX`) VALUES ("Mo/Mo",'TEMPLATE',9,29,2); -- 78

INSERT INTO `MEASURED_VALUE` (`DOUBLE_VALUE`,`TYPE`,`MEASURE_ID`,`MEASUREMENT_ID`, `IDX`) VALUES (50,'TEMPLATE',11,30,0); -- 79
INSERT INTO `MEASURED_VALUE` (`DOUBLE_VALUE`,`TYPE`,`MEASURE_ID`,`MEASUREMENT_ID`,`IDX`) VALUES (60,'TEMPLATE',12,30,1); -- 80
INSERT INTO `MEASURED_VALUE` (`STRING_VALUE`,`TYPE`,`MEASURE_ID`,`MEASUREMENT_ID`,`IDX`) VALUES ("Mo/Mo",'TEMPLATE',9,30,2); -- 81

INSERT INTO `MEASURED_VALUE` (`DOUBLE_VALUE`,`TYPE`,`MEASURE_ID`,`MEASUREMENT_ID`, `IDX`) VALUES (60,'TEMPLATE',11,31,0); -- 82
INSERT INTO `MEASURED_VALUE` (`DOUBLE_VALUE`,`TYPE`,`MEASURE_ID`,`MEASUREMENT_ID`,`IDX`) VALUES (75,'TEMPLATE',12,31,1); -- 83
INSERT INTO `MEASURED_VALUE` (`STRING_VALUE`,`TYPE`,`MEASURE_ID`,`MEASUREMENT_ID`,`IDX`) VALUES ("Mo/Mo",'TEMPLATE',9,31,2); -- 84

INSERT INTO `MEASURED_VALUE` (`DOUBLE_VALUE`,`TYPE`,`MEASURE_ID`,`MEASUREMENT_ID`, `IDX`) VALUES (70,'TEMPLATE',11,32,0); -- 85
INSERT INTO `MEASURED_VALUE` (`DOUBLE_VALUE`,`TYPE`,`MEASURE_ID`,`MEASUREMENT_ID`,`IDX`) VALUES (90,'TEMPLATE',12,32,1); -- 86
INSERT INTO `MEASURED_VALUE` (`STRING_VALUE`,`TYPE`,`MEASURE_ID`,`MEASUREMENT_ID`,`IDX`) VALUES ("Mo/Mo",'TEMPLATE',9,32,2); -- 87

--  response detector function MAMOGRAPHY
INSERT INTO `SESSION_TEMPLATE` (`NAME`,`DESCRIPTION`,`TESTING_PARAMETER`,`TESTING_MEASURE`,`UPLOAD_REQUIRED`) VALUES ('Response detector function','This template is used for recording response detector function', 'ACCURACY',2, false); -- 7

INSERT INTO `SESSION_TEMPLATE_MEASURE` (`SESSION_TEMPLATE_ID`, `MEASURE_ID`, `TYPE`) VALUES (7,1,'INPUT'); -- 29
INSERT INTO `SESSION_TEMPLATE_MEASURE` (`SESSION_TEMPLATE_ID`, `MEASURE_ID`, `TYPE`) VALUES (7,10,'INPUT'); -- 30
INSERT INTO `SESSION_TEMPLATE_MEASURE` (`SESSION_TEMPLATE_ID`, `MEASURE_ID`, `TYPE`) VALUES (7,13,'INPUT'); -- 31
INSERT INTO `SESSION_TEMPLATE_MEASURE` (`SESSION_TEMPLATE_ID`, `MEASURE_ID`, `TYPE`) VALUES (7,18,'INPUT'); -- 32
INSERT INTO `SESSION_TEMPLATE_MEASURE` (`SESSION_TEMPLATE_ID`, `MEASURE_ID`, `TYPE`) VALUES (7,17,'INPUT'); -- 33

INSERT INTO `MEASUREMENT` (`SESSION_TEMPLATE_ID`, `IDX`) VALUES (7,0); -- 33
INSERT INTO `MEASUREMENT` (`SESSION_TEMPLATE_ID`, `IDX`) VALUES (7,1); -- 34
INSERT INTO `MEASUREMENT` (`SESSION_TEMPLATE_ID`, `IDX`) VALUES (7,2); -- 35
INSERT INTO `MEASUREMENT` (`SESSION_TEMPLATE_ID`, `IDX`) VALUES (7,3); -- 36
INSERT INTO `MEASUREMENT` (`SESSION_TEMPLATE_ID`, `IDX`) VALUES (7,4); -- 37

INSERT INTO `MEASURED_VALUE` (`DOUBLE_VALUE`,`TYPE`,`MEASURE_ID`,`MEASUREMENT_ID`, `IDX`) VALUES (45,'TEMPLATE',11,33,0); -- 70
INSERT INTO `MEASURED_VALUE` (`STRING_VALUE`,`TYPE`,`MEASURE_ID`,`MEASUREMENT_ID`,`IDX`) VALUES ("Mo/Mo",'TEMPLATE',9,33,1); -- 72

INSERT INTO `MEASURED_VALUE` (`DOUBLE_VALUE`,`TYPE`,`MEASURE_ID`,`MEASUREMENT_ID`, `IDX`) VALUES (45,'TEMPLATE',11,34,0); -- 73
INSERT INTO `MEASURED_VALUE` (`STRING_VALUE`,`TYPE`,`MEASURE_ID`,`MEASUREMENT_ID`,`IDX`) VALUES ("Mo/Mo",'TEMPLATE',9,34,1); -- 75

INSERT INTO `MEASURED_VALUE` (`DOUBLE_VALUE`,`TYPE`,`MEASURE_ID`,`MEASUREMENT_ID`, `IDX`) VALUES (45,'TEMPLATE',11,35,0); -- 76
INSERT INTO `MEASURED_VALUE` (`STRING_VALUE`,`TYPE`,`MEASURE_ID`,`MEASUREMENT_ID`,`IDX`) VALUES ("Mo/Mo",'TEMPLATE',9,35,1); -- 78

INSERT INTO `MEASURED_VALUE` (`DOUBLE_VALUE`,`TYPE`,`MEASURE_ID`,`MEASUREMENT_ID`, `IDX`) VALUES (45,'TEMPLATE',11,36,0); -- 79
INSERT INTO `MEASURED_VALUE` (`STRING_VALUE`,`TYPE`,`MEASURE_ID`,`MEASUREMENT_ID`,`IDX`) VALUES ("Mo/Mo",'TEMPLATE',9,36,1); -- 81

INSERT INTO `MEASURED_VALUE` (`DOUBLE_VALUE`,`TYPE`,`MEASURE_ID`,`MEASUREMENT_ID`, `IDX`) VALUES (45,'TEMPLATE',11,37,0); -- 82
INSERT INTO `MEASURED_VALUE` (`STRING_VALUE`,`TYPE`,`MEASURE_ID`,`MEASUREMENT_ID`,`IDX`) VALUES ("Mo/Mo",'TEMPLATE',9,37,1); -- 84



--  Facilities
INSERT INTO `FACILITY` (`NAME`, `CITY`, `ADDRESS`, `CONTACT_PERSON`, `EMAIL`, `PHONE`, `PIB`) VALUES ('KBC Kragujevac', 'Kragujevac', 'Kragujevacka 1', 'Pera', 'pera@fake.com', '0601111', '123456789');
INSERT INTO `FACILITY` (`NAME`, `CITY`, `ADDRESS`, `CONTACT_PERSON`, `EMAIL`, `PHONE`, `PIB`) VALUES ('KBC Novi Sad', 'Novi Sad', 'Novosadska 1', 'Mika', 'mika@fake.com', '060222222', '012345678');
INSERT INTO `FACILITY` (`NAME`, `CITY`, `ADDRESS`, `CONTACT_PERSON`, `EMAIL`, `PHONE`, `PIB`) VALUES ('KBC Beograd', 'Beograd', 'Beogradska 1', 'Laza', 'laza@fake.com', '060333333', '012345679');

--  Departments
INSERT INTO `DEPARTMENT` (`NAME`, `FACILITY_ID`) VALUES ('Radiology', 1);
INSERT INTO `DEPARTMENT` (`NAME`, `FACILITY_ID`) VALUES ('Mamography', 1);
INSERT INTO `DEPARTMENT` (`NAME`, `FACILITY_ID`) VALUES ('Radiology', 2);
INSERT INTO `DEPARTMENT` (`NAME`, `FACILITY_ID`) VALUES ('Radiology', 3);
INSERT INTO `DEPARTMENT` (`NAME`, `FACILITY_ID`) VALUES ('Mamography', 3);

--  Rooms
INSERT INTO `ROOM` (`NAME`, `INSPECTION_INTERVAL`, `DEPARTMENT_ID`) VALUES ('Radiology Room 001', 120, 1);
INSERT INTO `ROOM` (`NAME`, `INSPECTION_INTERVAL`, `DEPARTMENT_ID`) VALUES ('Mamography Room 001', 90, 2);
INSERT INTO `ROOM` (`NAME`, `INSPECTION_INTERVAL`, `DEPARTMENT_ID`) VALUES ('Radiology Room 002', 120, 3);
INSERT INTO `ROOM` (`NAME`, `INSPECTION_INTERVAL`, `DEPARTMENT_ID`) VALUES ('Radiology Room 003', 120, 4);
INSERT INTO `ROOM` (`NAME`, `INSPECTION_INTERVAL`, `DEPARTMENT_ID`) VALUES ('Mamography Room 002', 90, 5);

--  Devices
INSERT INTO `DEVICE` (`NAME`, `MANUFACTURER`, `MODEL`, `SERIAL_NUMBER`, `DEVICE_USAGE`, `ROOM_ID`) VALUES ('Radiology Device 001', 'Manufacturer 001', 'Model 001', 'S/N 001', 'Usage 001', 1);
INSERT INTO `DEVICE` (`NAME`, `MANUFACTURER`, `MODEL`, `SERIAL_NUMBER`, `DEVICE_USAGE`, `ROOM_ID`) VALUES ('Mamography Device 002', 'Manufacturer 002', 'Model 002', 'S/N 002', 'Usage 002', 2);
INSERT INTO `DEVICE` (`NAME`, `MANUFACTURER`, `MODEL`, `SERIAL_NUMBER`, `DEVICE_USAGE`, `ROOM_ID`) VALUES ('Radiology Device 003', 'Manufacturer 003', 'Model 003', 'S/N 003', 'Usage 003', 3);
INSERT INTO `DEVICE` (`NAME`, `MANUFACTURER`, `MODEL`, `SERIAL_NUMBER`, `DEVICE_USAGE`, `ROOM_ID`) VALUES ('Radiology Device 004', 'Manufacturer 004', 'Model 004', 'S/N 004', 'Usage 004', 4);
INSERT INTO `DEVICE` (`NAME`, `MANUFACTURER`, `MODEL`, `SERIAL_NUMBER`, `DEVICE_USAGE`, `ROOM_ID`) VALUES ('Mamography Device 005', 'Manufacturer 005', 'Model 005', 'S/N 005', 'Usage 005', 5);

--  Radiology Devices
INSERT INTO `DEVICE_SESSION_TEMPLATE`(`DEVICE_ID`,`SESSION_TEMPLATE_ID`) VALUES (1,1);
INSERT INTO `DEVICE_SESSION_TEMPLATE`(`DEVICE_ID`,`SESSION_TEMPLATE_ID`) VALUES (1,2);
INSERT INTO `DEVICE_SESSION_TEMPLATE`(`DEVICE_ID`,`SESSION_TEMPLATE_ID`) VALUES (1,3);

INSERT INTO `DEVICE_SESSION_TEMPLATE`(`DEVICE_ID`,`SESSION_TEMPLATE_ID`) VALUES (3,1);
INSERT INTO `DEVICE_SESSION_TEMPLATE`(`DEVICE_ID`,`SESSION_TEMPLATE_ID`) VALUES (3,2);
INSERT INTO `DEVICE_SESSION_TEMPLATE`(`DEVICE_ID`,`SESSION_TEMPLATE_ID`) VALUES (3,3);

INSERT INTO `DEVICE_SESSION_TEMPLATE`(`DEVICE_ID`,`SESSION_TEMPLATE_ID`) VALUES (4,1);
INSERT INTO `DEVICE_SESSION_TEMPLATE`(`DEVICE_ID`,`SESSION_TEMPLATE_ID`) VALUES (4,2);
INSERT INTO `DEVICE_SESSION_TEMPLATE`(`DEVICE_ID`,`SESSION_TEMPLATE_ID`) VALUES (4,3);

--  Mamography Devices
INSERT INTO `DEVICE_SESSION_TEMPLATE`(`DEVICE_ID`,`SESSION_TEMPLATE_ID`) VALUES (2,4);
INSERT INTO `DEVICE_SESSION_TEMPLATE`(`DEVICE_ID`,`SESSION_TEMPLATE_ID`) VALUES (2,5);
INSERT INTO `DEVICE_SESSION_TEMPLATE`(`DEVICE_ID`,`SESSION_TEMPLATE_ID`) VALUES (2,6);
INSERT INTO `DEVICE_SESSION_TEMPLATE`(`DEVICE_ID`,`SESSION_TEMPLATE_ID`) VALUES (2,7);



--  Roles and policies
INSERT INTO POLICY VALUES ('POLICY_ADD_FACILITY');
INSERT INTO POLICY VALUES ('POLICY_ADD_DEPARTMENT');
INSERT INTO POLICY VALUES ('POLICY_ADD_ROOM');
INSERT INTO POLICY VALUES ('POLICY_ADD_DEVICE');
INSERT INTO POLICY VALUES ('POLICY_CREATE_SESSION');
INSERT INTO POLICY VALUES ('POLICY_APPROVE_SESSION');
INSERT INTO POLICY VALUES ('POLICY_DELETE_SESSION');
INSERT INTO POLICY VALUES ('POLICY_DOWNLOAD_REPORT');

INSERT INTO ROLE (ROLE_NAME) VALUES ('operater');
INSERT INTO ROLE_POLICY VALUES (1,'POLICY_ADD_FACILITY');
INSERT INTO ROLE_POLICY VALUES (1,'POLICY_ADD_DEPARTMENT');
INSERT INTO ROLE_POLICY VALUES (1,'POLICY_ADD_ROOM');
INSERT INTO ROLE_POLICY VALUES (1,'POLICY_ADD_DEVICE');
INSERT INTO ROLE_POLICY VALUES (1,'POLICY_CREATE_SESSION');
INSERT INTO ROLE_POLICY VALUES (1,'POLICY_DELETE_SESSION');
INSERT INTO ROLE_POLICY VALUES (1,'POLICY_DOWNLOAD_REPORT');

INSERT INTO ROLE (ROLE_NAME) VALUES ('inspector');
INSERT INTO ROLE_POLICY VALUES (2,'POLICY_ADD_FACILITY');
INSERT INTO ROLE_POLICY VALUES (2,'POLICY_ADD_DEPARTMENT');
INSERT INTO ROLE_POLICY VALUES (2,'POLICY_ADD_ROOM');
INSERT INTO ROLE_POLICY VALUES (2,'POLICY_ADD_DEVICE');
INSERT INTO ROLE_POLICY VALUES (2,'POLICY_CREATE_SESSION');
INSERT INTO ROLE_POLICY VALUES (2,'POLICY_DELETE_SESSION');
INSERT INTO ROLE_POLICY VALUES (2,'POLICY_DOWNLOAD_REPORT');

INSERT INTO ROLE (ROLE_NAME) VALUES ('supervisor');
INSERT INTO ROLE_POLICY VALUES (3,'POLICY_DOWNLOAD_REPORT');
INSERT INTO ROLE_POLICY VALUES (3,'POLICY_APPROVE_SESSION');

INSERT INTO ROLE (ROLE_NAME) VALUES ('principal');
INSERT INTO ROLE_POLICY VALUES (4,'POLICY_DOWNLOAD_REPORT');


--  User profiles
INSERT INTO USER_PROFILE (`USERNAME`,`PASSWORD`,`FIRST_NAME`, `LAST_NAME`, `ROLE_ID`) VALUES ('operater', SHA1('password'), 'petar', 'petrovic', 1);
INSERT INTO USER_PROFILE (`USERNAME`,`PASSWORD`,`FIRST_NAME`, `LAST_NAME`, `ROLE_ID`) VALUES ('inspector', SHA1('password'), 'petar', 'petrovic', 2);
INSERT INTO USER_PROFILE (`USERNAME`,`PASSWORD`,`FIRST_NAME`, `LAST_NAME`, `ROLE_ID`) VALUES ('supervisor', SHA1('password'), 'petar', 'petrovic', 3);
INSERT INTO USER_PROFILE (`USERNAME`,`PASSWORD`,`FIRST_NAME`, `LAST_NAME`, `ROLE_ID`) VALUES ('principal', SHA1('password'), 'petar', 'petrovic', 4);

INSERT INTO USER_PROFILE_FACILITY VALUES (1,1);
INSERT INTO USER_PROFILE_FACILITY VALUES (1,2);
INSERT INTO USER_PROFILE_FACILITY VALUES (1,3);
INSERT INTO USER_PROFILE_FACILITY VALUES (2,1);
INSERT INTO USER_PROFILE_FACILITY VALUES (2,2);
INSERT INTO USER_PROFILE_FACILITY VALUES (2,3);
INSERT INTO USER_PROFILE_FACILITY VALUES (3,1);
INSERT INTO USER_PROFILE_FACILITY VALUES (3,2);
INSERT INTO USER_PROFILE_FACILITY VALUES (3,3);
INSERT INTO USER_PROFILE_FACILITY VALUES (4,1);
